target,prediction
0,0.05676621964886227
0,0.4897084589867515
0,0.14430393190307847
0,0.3983742986309931
0,0.4097519797867557
0,0.42951079581135215
0,0.22149718242413752
0,0.06729924973830961
0,0.1683356955972871
0,0.04307354382387018
0,0.2815098406020677
0,0.24118096695998556
0,0.6425090678710604
0,0.16751122026841592
0,0.21480770134096583
0,0.6393593175780761
0,0.662718443574673
0,0.16089496941962264
0,0.23120235455825927
0,0.05933720800680629
0,0.5182871952057453
0,0.053572365067019366
0,0.3793904049769816
0,0.22751861386667108
0,0.3023026734658405
0,0.44274332037986114
0,0.635011060734634
0,0.5038839344486852
0,0.7948143575268373
0,0.8406850363289963
0,0.0934224445016479
0,0.18318985303689564
0,0.05298390041512343
0,0.11034811953473755
0,0.2749362525806439
0,0.16176565621124714
0,0.7201413872856256
0,0.6524352908949388
0,0.06546263379476823
0,0.12836713333547678
0,0.0881916212121585
0,0.1840237921503142
0,0.27474577453848303
0,0.803138880035338
0,0.23656865702423407
0,0.5389167857491458
0,0.7580874283922806
0,0.06026118645801662
0,0.5579762365519589
0,0.6575864501111305
0,0.583396164703041
0,0.05996269243803637
0,0.21707660475831542
0,0.291877152445172
0,0.4858856452031421
0,0.16017157458183487
0,0.0487848157943032
0,0.16373676384458144
0,0.13423603700206646
0,0.13272107574433883
0,0.14485561248157258
0,0.16997977859832647
0,0.38697553042063665
0,0.46157045557992366
0,0.5675297314617074
0,0.13433769202464063
0,0.7241962335805117
0,0.26413332334106576
0,0.3354266907557912
0,0.13111002608719655
0,0.5599998094981183
0,0.10356526429620044
0,0.03317538848535509
0,0.1722004234480231
0,0.5538249250689503
0,0.049103545753739306
0,0.03702063996485728
0,0.2914569434325505
0,0.6254187216403286
0,0.44226866257443354
0,0.17117223924960798
0,0.17216657722496084
0,0.12605015279018902
0,0.05249278723917497
0,0.17760524930141783
0,0.1610517388989456
0,0.05298390041512343
0,0.032204171965607487
0,0.33983184825488744
0,0.11817287755248157
0,0.7678880488002547
0,0.24783539501029428
0,0.11463150198132464
0,0.33376193629577894
0,0.09838216462667027
0,0.038694787521094204
0,0.5976668070369466
0,0.3647963015716931
0,0.1866974046207981
0,0.39479658033985227
0,0.37789899174329666
0,0.22950458466904616
0,0.43481898140633907
0,0.19678338323589079
0,0.10145666753974406
0,0.9075529595074477
0,0.04169971073809579
0,0.05249278723917497
0,0.11371228011265337
0,0.28126958175659916
0,0.028020907679781795
0,0.3382512050483858
0,0.7805804516312781
0,0.05293938691681316
0,0.45202671979790515
0,0.2446631689490096
0,0.7974875378096612
0,0.15315225859580578
0,0.2735927674754359
0,0.6083344272613473
0,0.09402374489866074
0,0.40867947805571575
0,0.6420100020456782
0,0.05749058215044352
0,0.155350916133107
0,0.5620971079012461
0,0.5106750553633763
0,0.5718130985250535
0,0.6201068327752313
0,0.14739134268189752
0,0.4135155348542145
0,0.20014116610415147
0,0.815663383955522
0,0.7779362119143587
0,0.06274440319732523
0,0.12156672463583579
0,0.19974639789075585
0,0.7782070466841038
0,0.6315382814161624
0,0.08086213793839427
0,0.34597090699092753
0,0.5594232570412212
0,0.7424823126161704
0,0.06274440319732523
0,0.09851925879822751
0,0.7707628590171328
0,0.662625195429303
0,0.07710112789252228
0,0.032599064397928444
0,0.755806716488317
0,0.05249278723917497
0,0.3573543788141363
0,0.7995294581301186
0,0.2500133895871598
0,0.15962777459864952
0,0.20254885500271497
0,0.45002584991241884
0,0.5885417585599668
0,0.773406760356646
0,0.653481714777257
0,0.12969909656190387
0,0.7125287524562246
0,0.7522727953978869
0,0.19821101442432512
0,0.24926329753265897
0,0.5991714177119584
0,0.34440707388256264
0,0.5761824376127365
0,0.050382651841454344
0,0.4162462859909333
0,0.07710112789252228
0,0.5867903789431013
0,0.04169971073809579
0,0.11575872512611864
0,0.028678266326676267
0,0.34077289001251587
0,0.5018359331341166
0,0.5744421124679052
0,0.7740946957389018
0,0.7152305962960482
0,0.07530949700712691
0,0.6767828056386747
0,0.592808874629112
0,0.81772634571738
0,0.6330637396623536
0,0.1214617782905324
0,0.6898079254653074
0,0.19458048280347956
0,0.11183940445837946
0,0.3391040793470128
0,0.3449455952366313
0,0.5477196849074324
0,0.9235733908281265
0,0.22919778460687693
0,0.8571365247794159
0,0.30124020836000975
0,0.8251543705882777
0,0.11034811953473755
0,0.7314220748054568
0,0.029832456556211914
0,0.08703616976230082
0,0.027674994218126844
0,0.11288321499615032
0,0.19001426061880217
0,0.5315495641708707
0,0.19154881061998752
0,0.035451750237007265
0,0.0487848157943032
0,0.040431990529500576
0,0.2853345351760247
0,0.7615488955223693
0,0.7974875378096612
0,0.4219721448973502
0,0.6019240567137795
0,0.03617814640963999
0,0.698268679892702
0,0.21979227532693785
0,0.6353394134627466
0,0.770965490280136
0,0.07612988092210095
0,0.23911409214582904
0,0.07530949700712691
0,0.5554384993223171
0,0.1125440745274223
0,0.2203785894344722
0,0.05491056472497098
0,0.08248381042622835
0,0.18180355272085877
0,0.7560810184873372
0,0.621290104785189
0,0.6136173371765192
0,0.46710778638473305
0,0.02846800927318952
0,0.30373263264276057
0,0.05910613306991595
0,0.42294869522730094
0,0.1737898844739271
0,0.6879192717365362
0,0.2505231228565264
0,0.5546051981811081
0,0.05749058215044352
0,0.7734823667426036
0,0.1841415459184458
0,0.7900824213443822
0,0.3452729279904389
0,0.0683593995468021
0,0.3862785275667871
0,0.18611189877249898
0,0.04567697761836354
0,0.3327558534866149
0,0.12691325303970719
0,0.2984734185319275
0,0.5238152026642485
0,0.07857453736190398
0,0.10824871856778052
0,0.22457753517381704
0,0.8469676504024818
0,0.11115347904292237
0,0.04169971073809579
0,0.16574132440532136
0,0.732818086632712
0,0.08614939996099347
0,0.06274440319732523
0,0.4185655007833516
0,0.04233527805892447
0,0.6948302269772303
0,0.8081028957089283
0,0.33731233055014437
0,0.05298390041512343
0,0.3654077639360767
0,0.5563814755439228
0,0.5911701891785855
0,0.7536272152658786
0,0.1932605972617916
0,0.6003582505064217
0,0.04483659767256767
0,0.23120235455825927
0,0.7297864219372601
0,0.13650597871411785
0,0.3434623852644639
0,0.13741374475377305
0,0.16122533137235903
0,0.17808638419136322
0,0.11450010998654814
0,0.057162092252604504
0,0.2362116971555182
0,0.08140609884317206
0,0.18332611133651075
0,0.06473132238970149
0,0.12495457281231764
0,0.13692860052256953
0,0.12488596059628611
0,0.2507285169308628
0,0.04483659767256767
0,0.05972827971427359
0,0.7165793843407092
0,0.4568150034903862
0,0.9249353251290229
0,0.6713716994070605
0,0.11875555804181086
0,0.12830210053380287
0,0.036084548913994534
0,0.8114257644082439
0,0.08140609884317206
0,0.180261768632102
0,0.050382651841454344
0,0.0920652264434396
0,0.15095855447721865
0,0.5193792874477352
0,0.05749058215044352
0,0.5782374883652931
0,0.1450947020623145
0,0.07921086847745167
0,0.40963745751469455
0,0.5413482756683101
0,0.04916451131118066
0,0.5123063075867723
0,0.6410406203827743
0,0.2974242671960561
0,0.43733942051477764
0,0.3938532807264496
0,0.7570687321544569
0,0.1604019815242306
0,0.5979881939344059
0,0.0487848157943032
0,0.21111648841398487
0,0.5255105731718529
0,0.17021699201859058
0,0.8218351148552203
0,0.050382651841454344
0,0.05836459374462086
0,0.36582865459048103
0,0.25244856774042235
0,0.5105398268303285
0,0.194089817369965
0,0.07684541525342409
0,0.07975892130383866
0,0.6513842995266991
0,0.08703464486345498
0,0.6224633087226623
0,0.15482892803067308
0,0.1877344220549013
0,0.05249278723917497
0,0.8063715633982143
0,0.27503124224593917
0,0.17272105654415276
0,0.7974875378096612
0,0.05249278723917497
0,0.028678266326676267
0,0.16743966527107026
0,0.5565215174161033
0,0.11450010998654814
0,0.3034691669917782
0,0.5810991727346049
0,0.09465955469881235
0,0.48666534533859174
0,0.32509834567013857
0,0.2836913922739523
0,0.8473294391566467
0,0.7922681892858833
0,0.04418273029336534
0,0.20425822830611112
0,0.17724067075954758
0,0.8003366877103127
0,0.6625641872303764
0,0.7097128150819615
0,0.13642945130066558
0,0.6620359165899852
0,0.3354266907557912
0,0.5291482258867145
0,0.7480544272710226
0,0.1662498327754303
0,0.8250485183941217
0,0.06274440319732523
0,0.3342006647055714
0,0.5300570638609178
0,0.7710603414883398
0,0.22118643784460784
0,0.3684639518513091
0,0.11447372614066612
0,0.0487848157943032
0,0.09734457433795564
0,0.36860784131913615
0,0.21465659152710684
0,0.13831209485061155
0,0.7751101548252226
0,0.06172373982874834
0,0.20916925889055235
0,0.6152521120857749
0,0.31742473316604664
0,0.5421869803450668
0,0.152341962213726
0,0.09428320040311695
0,0.5509682569472973
0,0.20673203865715756
0,0.4069218877913112
0,0.10368370281740308
0,0.48498708669987844
0,0.7119782830913602
0,0.09511169613858202
0,0.13477847282061453
0,0.057369000521370596
0,0.6310053797952656
0,0.0523812562562839
0,0.048205743592825256
0,0.0732581982373833
0,0.08185173402573764
0,0.683182390272267
0,0.7727863142866284
0,0.5546051981811081
0,0.050382651841454344
0,0.15344566362641687
0,0.254028471829858
0,0.06700260963195899
0,0.1382517268655937
0,0.22242704788417086
0,0.640210895484182
0,0.2395823029450852
0,0.8068933314466522
0,0.13087836076103065
0,0.7466886783756242
0,0.8593776539999454
0,0.08635290875889362
0,0.05298390041512343
0,0.04084420171785659
0,0.4106757946100803
0,0.8559905038349672
0,0.30350243252052156
0,0.08086213793839427
0,0.06882760409902015
0,0.4418945372996225
0,0.21330954103028585
0,0.6674964954050641
0,0.2581133705834755
0,0.12800049360862986
0,0.11195886762811545
0,0.03639513969750893
0,0.8469676504024818
0,0.5324318967034417
0,0.5976027593446688
0,0.5537886331408375
0,0.8957155217586827
0,0.40719492262338225
0,0.6275868935305091
0,0.8801881659315595
0,0.06547024835241161
0,0.2610846465316531
0,0.15315225859580578
0,0.13831209485061155
0,0.05279213492437773
0,0.2512488664829936
0,0.13778500027511295
0,0.3688688816680574
0,0.15769251562485367
0,0.3603735800408429
0,0.22031825775899852
0,0.5949945261387272
0,0.25314305995960334
0,0.37194728236457686
0,0.7556048130149203
0,0.21618889462997914
0,0.06473132238970149
0,0.21796181939404002
0,0.0487848157943032
0,0.060014192675915505
0,0.6656433107441979
0,0.2250227413500819
0,0.6966554077003767
0,0.038694787521094204
0,0.5300268117480205
0,0.8063587435995713
0,0.02902095132637119
0,0.5088869271499054
0,0.22597519787001358
0,0.07655626080030413
0,0.07093300393957672
0,0.04095886236868386
0,0.7361925580274569
0,0.05298390041512343
0,0.1915995825137425
0,0.1255445434988139
0,0.05298390041512343
0,0.06044232767371527
0,0.2487730928372622
0,0.06274440319732523
0,0.05249278723917497
0,0.4216008192333769
0,0.3250261663843423
0,0.1382517268655937
0,0.8966797437381389
0,0.1382517268655937
0,0.058723683039784765
0,0.5315495641708707
0,0.9330389000817036
0,0.05298390041512343
0,0.32106434845356874
0,0.3729950169972811
0,0.060904502639999844
0,0.05749058215044352
0,0.13371605707386017
0,0.8345676459285045
0,0.5184145821895302
0,0.21520665821713092
0,0.31783863707947574
0,0.02902095132637119
0,0.02974115343878371
0,0.05491056472497098
0,0.7505536209328804
0,0.08422102624978424
0,0.33355257575562236
0,0.05299255921606177
0,0.301939105660164
0,0.5282249604601791
0,0.06274440319732523
0,0.4637186609570706
0,0.2595847983125152
0,0.09402374489866074
0,0.4706232789728414
0,0.1356273760950217
0,0.6051721439365655
0,0.09759078095582076
0,0.32778524040946694
0,0.44875907369586404
0,0.27680037107595484
0,0.15295961379170248
0,0.05249278723917497
0,0.04483659767256767
0,0.17717390123400198
0,0.15295961379170248
0,0.14356048675757027
0,0.08181510683617729
0,0.0487848157943032
0,0.07538980832821537
0,0.3070310470633724
0,0.05249278723917497
0,0.7028883718067273
0,0.08870374378775955
0,0.8291230549167246
0,0.662625195429303
0,0.13080614001817795
0,0.24994194145110601
0,0.5196703639575498
0,0.7157628160582092
0,0.19758201454750673
0,0.17319064411900473
0,0.0739284544228753
0,0.050382651841454344
0,0.37961404818055844
0,0.40375104773598697
0,0.1915995825137425
0,0.16997977859832647
0,0.2723954448239415
0,0.1574299194838954
0,0.8400110381265412
0,0.262532048105654
0,0.15638054978281096
0,0.17412910450282035
0,0.7668086707974956
0,0.30124020836000975
0,0.06844258095187733
0,0.2658630403521122
0,0.36604877210026443
0,0.1596563053684335
0,0.6421538084278441
0,0.19551218213023377
0,0.1771633642836255
0,0.07471423015030411
0,0.0732581982373833
0,0.2605196698312912
0,0.08870374378775955
0,0.2778207242854552
0,0.05249278723917497
0,0.49322576893473913
0,0.7057800746799855
0,0.17262082551811472
0,0.8012901886462463
0,0.4182101222513123
0,0.11340809159124507
0,0.05749058215044352
0,0.5230198619425269
0,0.11450010998654814
0,0.12353212954789393
0,0.30818305750920477
0,0.03573625814638771
0,0.06009121314574503
0,0.5799531647988097
0,0.2891062843882348
0,0.21375740283184452
0,0.6859011307488388
0,0.06238137584116656
0,0.26296256785711025
0,0.05298390041512343
0,0.06313693366056271
0,0.38912543338984096
0,0.24504753808486734
0,0.18686377178507876
0,0.08564340952076681
0,0.6592806955638448
0,0.7370930931906033
0,0.3015806286674062
0,0.7564621884300765
0,0.08719494545736116
0,0.2862204839224426
0,0.5161179997912526
0,0.5799531647988097
0,0.17546543763928085
0,0.2956352951027407
0,0.13849893968664886
0,0.5967292731632083
0,0.10353604517512455
0,0.28807672419867947
0,0.3850351966669015
0,0.32747718653172203
0,0.16410453124430405
0,0.19512226526231663
0,0.16152740543049707
0,0.04483659767256767
0,0.8983938542288433
0,0.06471505598681775
0,0.2681668237274828
0,0.861009830978935
0,0.7254515069304887
0,0.7224443035385109
0,0.06463202256867777
0,0.08246059913953231
0,0.182022705718578
0,0.5660838313935326
0,0.20289242928609114
0,0.028020907679781795
0,0.8433944952568737
0,0.1580453426345491
0,0.04802670288147581
0,0.22694139614452422
0,0.03915348767370076
0,0.037816379667610846
0,0.05749058215044352
0,0.25598273590140447
0,0.2710542557495608
0,0.6720677421472039
0,0.13012982599987077
0,0.02848152598698813
0,0.02848152598698813
0,0.30339708167341173
0,0.818296165002987
0,0.08349134142820247
0,0.21075951544791147
0,0.7131628685056542
0,0.23916106259459632
0,0.6577869174393041
0,0.15532603437047063
0,0.8248206144383583
0,0.06782168314143643
0,0.7686078579944986
0,0.16758666888770493
0,0.2741222333660128
0,0.160505247251164
0,0.814306685880331
0,0.7983418662686161
0,0.4418945372996225
0,0.11450010998654814
0,0.34369689134677184
0,0.4923678934154564
0,0.06153497476705252
0,0.5664918681930312
0,0.49777369662057064
0,0.1567713362499868
0,0.10620020863474089
0,0.1030417177340945
0,0.476813751305565
0,0.8190494452611911
0,0.8063587435995713
0,0.25933729110182463
0,0.5102103894128953
0,0.03743480008672619
0,0.1931095159865753
0,0.24095374978614814
0,0.09274609120848283
0,0.580882055445452
0,0.13290889046712445
0,0.32594752842791014
0,0.4747066591510063
0,0.28423610916252606
0,0.20872622765571686
0,0.227569054711757
0,0.7631186393279384
0,0.13699558954719765
0,0.2197045138861149
0,0.5799556319207817
0,0.37401578723678314
0,0.1762439141391752
0,0.0933077966733419
0,0.34125653471962186
0,0.5844630468796314
0,0.13291509183520667
0,0.9075529595074477
0,0.05676621964886227
0,0.7257205369742817
0,0.31010490081837233
0,0.7748087209264253
0,0.07530949700712691
0,0.15950336850324506
0,0.07220091643846821
0,0.7231478076617172
0,0.09162186482577332
0,0.2870506902989603
0,0.08140609884317206
0,0.03336600119138975
0,0.0487848157943032
0,0.09253227112938184
0,0.635011060734634
0,0.15240110838180754
0,0.11660111395197509
0,0.1947916439818861
0,0.056036926299558205
0,0.21380766846136506
0,0.4565330753120467
0,0.30161110332893765
0,0.15344566362641687
0,0.056036926299558205
0,0.5954488754795453
0,0.5038839344486852
0,0.05500122219988409
0,0.5203508473397811
0,0.373759359318758
0,0.33544149784008215
0,0.15295961379170248
0,0.2881791081892385
0,0.06274440319732523
0,0.5732507196309037
0,0.6377516044005064
0,0.057369000521370596
0,0.0747549710498889
0,0.5044773802650924
0,0.13024351262292866
0,0.15972939452952647
0,0.5364978312393398
0,0.3679950137253595
0,0.5751087304472198
0,0.2516251750455424
0,0.7464511441638481
0,0.17365353601937897
0,0.05749058215044352
0,0.14729555155697643
0,0.11450010998654814
0,0.861174637516843
0,0.7137320741288977
0,0.06648538995210238
0,0.1510222388899401
0,0.055810156941967115
0,0.07741029253304949
0,0.8667731948809907
0,0.20701301789523646
0,0.31106416867303777
0,0.3226250504355827
0,0.02848152598698813
0,0.5399081342399674
0,0.3439136180276613
0,0.5546051981811081
0,0.39370974897301503
0,0.15315225859580578
0,0.5790704982450919
0,0.1630096611920699
0,0.04095886236868386
0,0.2624574757155755
0,0.21694124447124336
0,0.8662818460262145
0,0.7497426143880506
0,0.7105005192174534
0,0.35582407013933093
0,0.23115718183218376
0,0.599526439740294
0,0.5405637951907852
0,0.6169032629040472
0,0.2906530073772801
0,0.23048630787520383
0,0.12392302038986253
0,0.2832925028196167
0,0.1245602723701774
0,0.15295961379170248
0,0.14762137846856352
0,0.06856903631772324
0,0.05298390041512343
0,0.042236721338029165
0,0.2818480195885454
0,0.050382651841454344
0,0.34079639276167784
0,0.20713699836222013
0,0.8077071520916741
0,0.08421767134141613
0,0.7782070466841038
0,0.5205696351372225
0,0.3036001691777307
0,0.4503683253016731
0,0.43521922066667407
0,0.6009772882954303
0,0.1337188211093649
0,0.04475388412385087
0,0.03797726142075845
0,0.15295961379170248
0,0.5824821942642544
0,0.05749058215044352
0,0.3362981415204364
0,0.8706486390263453
0,0.05749058215044352
0,0.3184411499246987
0,0.09311387573913191
0,0.8131941849245579
0,0.4005563965057646
0,0.6078934835172723
0,0.08614939996099347
0,0.7926560342077771
0,0.0487848157943032
0,0.10637772664215811
0,0.1708439302275352
0,0.6441279668090792
0,0.24537907871587822
0,0.7424823126161704
0,0.07471423015030411
0,0.07471423015030411
0,0.03745916604466064
0,0.05298390041512343
0,0.7464202453593518
0,0.5042707183297164
0,0.8131445221123804
0,0.34464622680453244
0,0.04169971073809579
0,0.07471423015030411
0,0.3180419681166752
0,0.5067629280868394
0,0.5750050075696135
0,0.058963111433012305
0,0.62848596096882
0,0.5088869271499054
0,0.2573714087203974
0,0.0487848157943032
0,0.05249278723917497
0,0.25182303553651475
0,0.06274440319732523
0,0.5416082146950565
0,0.3675665502504233
0,0.050382651841454344
0,0.8397099948224358
0,0.11617990346386371
0,0.09065066686093551
0,0.08614939996099347
0,0.4242201532260163
0,0.1561564686003292
0,0.4860490826445884
0,0.15315225859580578
0,0.11386216926206058
0,0.6235223063452682
0,0.08193033267976035
0,0.5344900358543591
0,0.4205399593943747
0,0.07187217692112098
0,0.26934650738976934
0,0.666125007248358
0,0.7680507531297596
0,0.04169971073809579
0,0.3765490155212097
0,0.6100963268989875
0,0.7023422200786744
0,0.3855237242604805
0,0.23866321706989702
0,0.22245671317684892
0,0.08895522236123421
0,0.14636771556629102
0,0.823144298692724
0,0.05249278723917497
0,0.19652636561907014
0,0.05749058215044352
0,0.36187170366293864
0,0.0739284544228753
0,0.1709304358742135
0,0.8740085991998394
0,0.20128954902218785
0,0.5647962813136712
0,0.05249278723917497
0,0.2913319579030792
0,0.0487848157943032
0,0.6188408430924779
0,0.40503335858612266
0,0.2946460642353635
0,0.24640607280467086
0,0.08465604941295644
0,0.04169971073809579
0,0.23825806341624095
0,0.38198577298187397
0,0.08252905499969222
0,0.05298390041512343
0,0.08770101299225126
0,0.15295961379170248
0,0.1000891388714534
0,0.04483659767256767
0,0.06271123000116144
0,0.2776673639490095
0,0.1002948195895004
0,0.3123645845104349
0,0.08244874760621765
0,0.5224135196915639
0,0.23179158453398635
0,0.6902934849561208
0,0.2676629205111791
0,0.8986911508751048
0,0.22536180285392535
0,0.07016869984518362
0,0.25993078941255127
0,0.6067347689727204
0,0.40459406915686125
0,0.4828188525714277
0,0.20318011289652696
0,0.13939585941707253
0,0.0747549710498889
0,0.14710659784902425
0,0.10695701710869951
1,0.43611817124447244
1,0.18063644118547545
1,0.636761977437661
1,0.932574815925843
1,0.8470892492066036
1,0.9170100081058805
1,0.785601692128233
1,0.9562196641630495
1,0.9205337377571283
1,0.24727274312888825
1,0.8986911508751048
1,0.907580549650055
1,0.6837418712915024
1,0.510907806019893
1,0.7132117012294874
1,0.7217047742726567
1,0.9511679168183798
1,0.7841907922769172
1,0.3198333351030886
1,0.8497178790278489
1,0.882349526929845
1,0.6670268800032964
1,0.7974875378096612
1,0.41858851065534125
1,0.7016020894453053
1,0.6713717747081795
1,0.9204721665210609
1,0.6865807696960373
1,0.5373221673624703
1,0.5353456393669038
1,0.852497660227195
1,0.8667731948809907
1,0.6943458901857135
1,0.8220849704380331
1,0.7276009821582378
1,0.8142282198918531
1,0.5877516609330228
1,0.8635020318221536
1,0.7680319352044561
1,0.8938134138058811
1,0.6549896177907124
1,0.8451239920248311
1,0.6370105223659058
1,0.6673643986804255
1,0.5526328331400416
1,0.6890848493014693
1,0.3376956179824811
1,0.7211380605680647
1,0.8160428198154241
1,0.7466886783756242
1,0.8277316226462427
1,0.9024779864707577
1,0.7494629859203347
1,0.38647558631866985
1,0.7504399795326414
1,0.8692968738332107
1,0.7771335968876851
1,0.20672562647630868
1,0.8430759466912235
1,0.8797515052065275
1,0.7750157160743443
1,0.7045666157830569
1,0.9166106984334705
1,0.7232890699598565
1,0.30917431943816853
1,0.5824325538693127
1,0.8430759466912235
1,0.6181886907824774
1,0.7744906768922428
1,0.7016020894453053
1,0.13024351262292866
1,0.8667731948809907
1,0.9738579768012718
1,0.8966506060049593
1,0.7251861074956714
1,0.8123267411410396
1,0.9151779882947946
1,0.8957155217586827
1,0.5606437707990226
1,0.902515291930039
1,0.8667731948809907
1,0.2392203948279291
1,0.9010356576828663
1,0.8890318843624048
1,0.37729387250565977
1,0.7397223472800659
1,0.27270586529772617
1,0.6125834648311939
1,0.36693284466491566
1,0.8942973116083526
1,0.6246946713265913
1,0.228413903129044
1,0.33204764678102977
1,0.7983035782615385
1,0.6128026478026395
1,0.9554515622051483
1,0.7113839624308613
1,0.7593065237439744
1,0.6151530297118641
1,0.5055878765114724
1,0.6460907512457779
1,0.907580549650055
1,0.8601873770073598
1,0.8470892492066036
1,0.8239596639444975
1,0.7497549658325601
1,0.9075529595074477
1,0.9638283395235053
1,0.8938134138058811
1,0.07965741182977362
1,0.8180820366108484
1,0.7120121269938751
1,0.6935027430256123
1,0.8986911508751048
1,0.6914117429919779
1,0.35078291586230415
1,0.5788553331711875
1,0.8886107738478414
1,0.42925636634803344
1,0.580204085728731
1,0.7581904516768135
1,0.6844334450089582
1,0.8898179601096524
1,0.5580446024506802
1,0.7855964626747218
1,0.8943606970780003
1,0.7532776767375944
1,0.7974875378096612
1,0.9456603442374981
1,0.4434349393963853
1,0.9780483115071514
1,0.2157922842882182
1,0.3057355670017589
1,0.8700392307579036
1,0.8667731948809907
1,0.2000542010218108
1,0.7525283469574806
1,0.9577791541940313
1,0.9405309922206495
1,0.6955234118723919
1,0.33918200011362604
1,0.8651224057327795
1,0.7322628442730525
1,0.8527009686707026
1,0.8594737885137197
1,0.6291558899953562
1,0.9017409868299401
1,0.757477559316905
1,0.10901075371622763
1,0.5980534596199955
1,0.5911701891785855
1,0.7649453083645518
1,0.11450010998654814
1,0.31374117099484133
1,0.26465639461363255
1,0.7736991415839024
1,0.6130359798145133
1,0.36241509687949913
1,0.4416573688465426
1,0.8278150848442927
1,0.8726097270209646
1,0.8064409333683181
1,0.5710686246177538
1,0.5315348525684621
1,0.7279295653971736
1,0.24488235803706918
1,0.13080614001817795
1,0.9526929112670461
1,0.7615488955223693
1,0.9136552850962252
1,0.8986911508751048
1,0.6656006477973002
1,0.7778897792081267
1,0.9506436312264841
1,0.8435086536334517
1,0.8734436153908851
1,0.301542211624672
1,0.581460204395264
1,0.7737659982110915
1,0.625418720481708
1,0.7766154341350756
1,0.342110292198316
1,0.879074706220043
1,0.7466886783756242
1,0.5053875380601216
1,0.5978533260662979
1,0.7466886783756242
1,0.7431446956390702
1,0.8063587435995713
1,0.6194338238513108
1,0.8667731948809907
1,0.8966506060049593
1,0.39605829890238764
1,0.5226096167372626
1,0.11953543238755174
1,0.865616078109204
1,0.6721432553191062
1,0.9246890340818513
1,0.704283421873428
1,0.7254515069304887
1,0.5178956477492743
1,0.796905185495139
1,0.7529245942950166
1,0.8610557836535095
1,0.7380623663166344
1,0.16429283883246612
1,0.7254515069304887
1,0.8430759466912235
1,0.4798923378221424
1,0.42896418852237406
1,0.3442697513871625
1,0.9176650942093552
1,0.6005912187838175
1,0.8323205205212054
1,0.9638283395235053
1,0.5353456393669038
1,0.7544625542310341
1,0.5178100974686614
1,0.7774084794591598
1,0.9583688371641074
1,0.8154390639179129
1,0.8610557836535095
1,0.7274365091280734
1,0.9115538580802819
1,0.7477992540823918
1,0.8635260779059828
1,0.7016020894453053
1,0.8726097270209646
1,0.15557265508639995
1,0.907580549650055
1,0.8301756182690355
1,0.6917032035579836
1,0.90852785749573
1,0.8001601343301176
1,0.3951462108043426
1,0.7217258910802391
1,0.7097128150819615
1,0.4176323175694202
1,0.6932544043278615
1,0.9642546890460777
1,0.8667731948809907
1,0.7725380029332658
1,0.7984463107625863
1,0.3951462108043426
1,0.347543078561708
1,0.9136552850962252
1,0.7701701510439942
1,0.3285902179710607
1,0.9251959479512079
1,0.7545370373691878
1,0.9511679168183798
1,0.8667731948809907
1,0.7523459314253939
1,0.6351104751259616
1,0.6407387434735646
1,0.6207061140795482
1,0.621944082292426
1,0.2403686944427119
1,0.3111482193856733
1,0.6800815950382378
1,0.6749557424386315
1,0.6344245387897637
1,0.7728150395980885
1,0.9039469329391909
1,0.9258717589725491
1,0.5228635204937035
1,0.5571268543021258
1,0.5417722306671728
1,0.26718240268571514
1,0.3229003163828776
1,0.81772634571738
1,0.5995771232937519
1,0.9577791541940313
1,0.7504399795326414
1,0.8667731948809907
1,0.7810617730595751
1,0.6186995471444906
1,0.5360640241627241
1,0.8726097270209646
1,0.3665911818753161
1,0.7438193216518819
1,0.8924553897333141
1,0.9297323408100902
1,0.8966506060049593
1,0.7699664400205654
1,0.8713511342002299
1,0.1389294368964233
1,0.9269671725858174
1,0.8957155217586827
1,0.8803971130093842
1,0.5893210378166727
1,0.9565337817230981
1,0.7485120151389749
1,0.6374565892925069
1,0.8558846206701665
1,0.46647398921367766
1,0.9607332837397636
1,0.3417399921728589
1,0.7624685136982563
1,0.8614025806071783
1,0.09221639079718329
1,0.8341635155699441
1,0.6018819237721934
1,0.7519663881556747
1,0.14626722567620365
1,0.7165793843407092
1,0.6503680296973121
1,0.8942973116083526
1,0.7063637723030202
1,0.7504399795326414
1,0.14872348021160547
1,0.47174365294244147
1,0.7203377957190197
1,0.8667731948809907
1,0.5068938722027265
1,0.7079166880787556
1,0.5457845687969176
1,0.8499336882511368
1,0.8546200480569828
1,0.7596282390312672
1,0.7278303430651069
1,0.6392181424333752
1,0.4907290770303484
1,0.4774868932140971
1,0.7201262840986923
1,0.6748221632491059
1,0.7625224777747327
1,0.662625195429303
1,0.7595526989829996
1,0.390658135847866
1,0.9075529595074477
1,0.4747066591510063
1,0.3654672629616455
1,0.6894438786814524
1,0.8646474395102451
1,0.8430759466912235
1,0.8587727432888212
1,0.3572943568879645
1,0.945631839922634
1,0.7299044590777379
1,0.8027101077763483
1,0.6982589082594379
1,0.6378896750128545
1,0.46397429623215103
1,0.3361931115460791
1,0.8260673638154387
1,0.8115834389633669
1,0.48586069095453355
1,0.7560810184873372
1,0.7988626605668513
1,0.678367585699812
1,0.6695288360697457
1,0.7943249591462445
1,0.8667731948809907
1,0.9551312599147121
1,0.8938134138058811
1,0.8017360981237499
1,0.27721094594287293
1,0.37449582581514496
1,0.8025798463921345
1,0.8047007791136443
1,0.7467649588907942
1,0.48545295422401785
1,0.35807686186439974
1,0.5546051981811081
1,0.9690544824575509
1,0.446866473426282
1,0.3005037816609165
1,0.23925042520283352
1,0.5332254383324262
1,0.8575089294301064
1,0.8511941906501319
1,0.6957116868175899
1,0.5968465997593658
1,0.7847781185503915
1,0.8437621870407659
1,0.7961510415471377
1,0.7326151667857386
1,0.4041714019008962
1,0.7431015245993388
1,0.6712887291883679
1,0.8986911508751048
1,0.8986911508751048
1,0.7545370373691878
1,0.791629689279028
1,0.5316879799537724
1,0.2225777564540973
1,0.7583260817003186
1,0.8312616712545909
1,0.8347571490108822
1,0.7977578780063703
1,0.63963970184721
1,0.5900451683156347
1,0.8966506060049593
1,0.9640126868687845
1,0.9511679168183798
1,0.3747116954548038
1,0.8624632436641705
1,0.6857292979051814
1,0.9587009132082065
1,0.3885937824284905
1,0.8025493797701747
1,0.8254529535918659
1,0.4584574096694807
1,0.9822884794865337
1,0.936281841558221
1,0.8594701528578769
1,0.7771335968876851
1,0.8411535736917796
1,0.7279295653971736
1,0.6712887291883679
1,0.7832092798477934
1,0.7685948585204626
1,0.8951549224789281
1,0.5708546754125553
1,0.5791356913451989
1,0.7438193216518819
1,0.690453190834523
1,0.5532432170725253
1,0.9551312599147121
1,0.7858432083473897
1,0.8614292986005281
1,0.7403623383106919
1,0.7747601684724181
1,0.8728151943309557
1,0.7540549357626719
1,0.9010356576828663
1,0.5906139281279836
1,0.7119782830913602
1,0.2613956500771617
1,0.3667378133551052
1,0.7573017192106654
1,0.6217635841441046
1,0.5521968824567309
1,0.8843823993383912
1,0.770965490280136
1,0.885439607241586
1,0.2130103394206847
1,0.5784205570524024
1,0.22144514026818807
1,0.5840388401223314
1,0.8868266246926365
1,0.6473277874137291
1,0.907580549650055
1,0.9592501054888113
1,0.7134122509887254
1,0.6775638570699224
1,0.8601482018155486
1,0.5105398268303285
1,0.8803874086635388
1,0.47561372240852196
1,0.6651248828038033
1,0.8877188903377065
1,0.466141024996163
1,0.5290967093767585
1,0.6685829608332633
1,0.3597304354020769
1,0.5566757442213061
1,0.7705618166987045
1,0.7887832535648502
1,0.15287385232534265
1,0.82188170315864
1,0.39360538588207955
1,0.20619047366692622
1,0.7974875378096612
1,0.8801881659315595
1,0.3187711127388877
1,0.833687820717181
1,0.81772634571738
1,0.8347031352605616
1,0.6168945237057245
1,0.7914129157808014
1,0.8823379701269014
1,0.8930249615156188
1,0.8445919081814484
1,0.845201022890817
1,0.5340159260441788
1,0.8488695986811041
1,0.782710944589967
1,0.48726537098400013
1,0.5240563312534763
1,0.5592615105609374
1,0.7984328311345263
1,0.5239667592248466
1,0.8726097270209646
1,0.8750256961965839
1,0.3629180208944827
1,0.43025606860240784
1,0.6518342971688904
1,0.40719492262338225
1,0.6526382242601957
1,0.6547735732593609
1,0.18931962850909723
1,0.8123267411410396
1,0.48663906404481194
1,0.1376231650367262
1,0.8938134138058811
1,0.37997232384754887
1,0.2958684006595003
1,0.8979026644965581
1,0.17723991555890553
1,0.2248144749092152
1,0.8772465228298958
1,0.8095079771915864
1,0.6651246733906931
1,0.7097128150819615
1,0.19145461999700047
1,0.7033525717034298
1,0.37716685217095686
1,0.5595254580757145
1,0.7966692184319523
1,0.7657842612241103
1,0.7215874330938541
1,0.7560810184873372
1,0.8667731948809907
1,0.5785966420545819
1,0.7923858305397259
1,0.7323397755906252
1,0.7636306640505992
1,0.5651348247144227
1,0.6817721833346246
1,0.6768465413491241
1,0.8502028849768345
1,0.7279295653971736
1,0.5696268357948666
1,0.8445099171516296
1,0.8056342445837347
1,0.9526929112670461
1,0.7961886687793263
1,0.7705089703312997
1,0.5976668070369466
1,0.770965490280136
1,0.89827508486509
1,0.9207636139355542
1,0.8042161998276695
1,0.6821194521849188
1,0.4555657705062939
1,0.8759733423943006
1,0.8131823094479087
1,0.4690925155261651
1,0.8594737885137197
1,0.7359475050195892
1,0.27042841821110536
1,0.8206293371356667
1,0.6100619356695131
1,0.3133578623200308
1,0.7943040222838932
1,0.15177845818367736
1,0.5037124815596686
1,0.8489496272619605
1,0.8557225038982245
1,0.8766162810891668
1,0.7231478076617172
1,0.6529074784168968
1,0.8173299545247406
1,0.867665429965109
1,0.9506436312264841
1,0.40375104773598697
1,0.8065458152569284
1,0.8750256961965839
1,0.7955839250227047
1,0.5483485637648665
1,0.9813209317105385
1,0.6475632461177369
1,0.08086213793839427
1,0.836440291260091
1,0.8616596715261009
1,0.8662818460262145
1,0.41295047717058686
1,0.8604266145029096
1,0.9506436312264841
1,0.7033525717034298
1,0.5788553331711875
1,0.517047252223354
1,0.5331967624262088
1,0.7599768310420768
1,0.3176459888448549
1,0.7681257192225439
1,0.9772941211977532
1,0.694592763149583
1,0.8430759466912235
1,0.9480104665006253
1,0.7033525717034298
1,0.770965490280136
1,0.1580727116347989
1,0.2900654992241684
1,0.17577763632620497
1,0.8580351452875015
1,0.8986911508751048
1,0.7279295653971736
1,0.8216580031675778
1,0.4433260003565442
1,0.22597519787001358
1,0.5633590553594031
1,0.9801890394757893
1,0.8430759466912235
1,0.7392343039823194
1,0.8902267995446616
1,0.8430759466912235
1,0.9750357366132848
1,0.8301756182690355
1,0.30973675564370806
1,0.6767434368377999
1,0.8667731948809907
1,0.6201068327752313
1,0.5499734046897375
1,0.3951462108043426
1,0.619584438873164
1,0.6767486504337383
1,0.9507161667234899
1,0.8726097270209646
1,0.9070878509865081
1,0.7254515069304887
1,0.6539380318981548
1,0.7363230868354438
1,0.6400949688032779
1,0.5404058044982701
1,0.8597248670278634
1,0.6248420943230689
1,0.5720531777239979
1,0.8513042228320914
1,0.6217429547736048
1,0.7231506160956966
1,0.4378559603597185
1,0.8047000133166646
1,0.5996316270107102
1,0.8345676459285045
1,0.7145933984487984
1,0.917986952205705
1,0.530981397120035
1,0.10931015864309242
1,0.7664610223348058
1,0.8594737885137197
1,0.6623602368957792
1,0.9562196641630495
1,0.8743702853989732
1,0.6870735846266851
1,0.5964120403872145
1,0.8313077801451042
1,0.8211200509940104
1,0.9053854642706868
1,0.4715429075887787
1,0.6935027430256123
1,0.23567392857816336
1,0.780310401833088
1,0.8119340507549495
1,0.7644471493284468
1,0.8580113030127229
1,0.38941573941338165
1,0.8996342707853197
1,0.9684787729514917
1,0.8129513558645199
1,0.33485305640034
1,0.19906090170395235
1,0.9511679168183798
1,0.662718443574673
1,0.19912010147676962
1,0.41099925987120267
1,0.33139346852954726
1,0.3597304354020769
1,0.23850437671735017
1,0.34704413848984383
1,0.591768667584481
1,0.7533201939484877
1,0.861174637516843
1,0.6098534994879908
1,0.8096794457514533
1,0.6707867802278792
1,0.9610213451591875
1,0.638500555145684
1,0.7560246466798098
1,0.6810222599289432
1,0.9607332837397636
1,0.7964458923838619
1,0.28883401525347685
1,0.8760776276788494
1,0.5371621775637188
1,0.6799534966104528
1,0.8979026644965581
1,0.7306157775638472
1,0.42804327308234136
1,0.8986911508751048
1,0.533248607942304
1,0.24902559931050666
1,0.2146791621188649
1,0.8430759466912235
1,0.41194104785370117
1,0.7841907922769172
1,0.8806632435191993
1,0.12003187578983324
1,0.8788249213120066
1,0.5892486471358225
1,0.8968682538259284
1,0.7980278724294282
1,0.5822061944201886
1,0.34021719582370297
1,0.7254515069304887
1,0.7545370373691878
1,0.8160428198154241
1,0.7704301681559771
1,0.11481740399395864
1,0.39111692727840364
1,0.8825683357177521
1,0.5976668070369466
1,0.7779362119143587
1,0.8986911508751048
1,0.8067984186379187
1,0.19359205166666918
1,0.7369919877928386
1,0.7970481470328579
1,0.8001785268328013
1,0.9424443121160714
1,0.8334834352503864
1,0.953122446711466
1,0.81772634571738
1,0.38260992368615915
1,0.7460812823925825
1,0.7814595140970462
1,0.6397223912861669
1,0.6680497638762469
1,0.2019396575683624
1,0.1625503355230647
1,0.036084548913994534
1,0.06366800681116368
1,0.7119782830913602
1,0.35223677654522073
1,0.8436033795388752
1,0.7438193216518819
1,0.2618128663647523
1,0.4683287912747823
1,0.6666412423557633
1,0.5372936356065502
1,0.38525820081451273
1,0.8430759466912235
1,0.6865807696960373
1,0.5837099312340066
1,0.3128893399234056
1,0.8979026644965581
1,0.8527009686707026
1,0.7705532536430514
1,0.35929641507582627
1,0.9335587126226256
1,0.6390459721429222
1,0.9526929112670461
1,0.9551312599147121
1,0.728470549297597
1,0.6506083399412257
1,0.8580351452875015
1,0.9492929631849459
1,0.9330389000817036
1,0.6691156931592739
1,0.792506186788953
1,0.49362221840789455
1,0.8527009686707026
1,0.8886107738478414
1,0.5582159101336364
1,0.40630756707670873
1,0.9822884794865337
1,0.6347020780158077
1,0.8160428198154241
1,0.5026178142147436
1,0.17714546322933641
1,0.625120028239917
1,0.9506436312264841
1,0.7754110110992328
1,0.6930832377394414
1,0.14939754801041544
1,0.8368308352033773
1,0.8986911508751048
1,0.9445614936861985
1,0.6863252917383436
1,0.25696987349126615
1,0.8667731948809907
1,0.6552286658524624
1,0.37956461661763874
1,0.8943606970780003
1,0.7680170308655245
1,0.7990449268203144
1,0.698389736717646
1,0.8801881659315595
1,0.9424443121160714
1,0.7377025369367959
1,0.8158430223629423
1,0.3356668876778225
1,0.8813562955024268
1,0.8061382851986996
1,0.2891062843882348
1,0.5616086935915764
1,0.8462506394348396
1,0.12156672463583579
1,0.6393071543154132
1,0.6670277621001011
1,0.7374668056573948
1,0.766726974801485
1,0.9027000031170334
1,0.713006513423378
1,0.742286845243368
1,0.8433944952568737
1,0.8751115832660172
1,0.8554170512160171
1,0.7497426143880506
1,0.7234190889674308
1,0.8306958420931461
1,0.8160428198154241
1,0.8667731948809907
1,0.7974875378096612
1,0.2516251750455424
1,0.9049845618112928
1,0.793296091829036
1,0.9526892685933634
1,0.5883460133108425
1,0.9179263302725063
1,0.7620565961641035
1,0.7003982550603872
1,0.44964677303544126
1,0.1499046145294896
1,0.25988707823068985
1,0.95591914976805
1,0.8461395750662958
1,0.2231715690355029
1,0.3810040208787309
1,0.34064056698329287
1,0.7819532264021438
1,0.7631186393279384
1,0.5238675414634351
1,0.7739503375754236
1,0.7484596810438826
1,0.6898065240982771
1,0.9337930586583223
1,0.8986911508751048
1,0.2825971542091517
1,0.24775807985683337
1,0.8231823234126203
1,0.9801890394757893
1,0.7608726318760701
1,0.4296636079967786
1,0.8425271338289382
1,0.8430759466912235
1,0.8986911508751048
1,0.6982641461604893
1,0.5223470234270197
1,0.3378378791845823
1,0.6027995237977569
1,0.8153372239009014
1,0.8667731948809907
1,0.6072658622421867
1,0.3524123200800095
1,0.762075547427591
1,0.4308283467456154
1,0.8966797437381389
1,0.58564822398162
1,0.9486173118941125
1,0.6269303988933058
1,0.38671392313260805
1,0.8580351452875015
1,0.918207727967096
1,0.865616078109204
1,0.601284834386882
1,0.7142049023803442
1,0.41017804546045744
1,0.7917990965846219
1,0.20349647604799911
1,0.6743517181015188
1,0.8523557549678624
1,0.7877637254527373
1,0.7177131811728807
1,0.42351082089887304
1,0.9042637418561252
1,0.4538029497545484
1,0.8143641908867155
1,0.5115751418171994
1,0.36905024289374766
1,0.8410684996157854
1,0.8801881659315595
1,0.15344566362641687
1,0.8700392307579036
1,0.585682979493206
1,0.6260069627856799
1,0.8986911508751048
1,0.8914314702455315
1,0.5169963447021226
1,0.8670878005465663
1,0.7869461237862173
1,0.5413121305918082
1,0.6362876784758956
1,0.7299765450764188
1,0.2666936227812938
1,0.4192277099438244
1,0.3757678306320508
1,0.6055240326629043
1,0.9470578935457906
1,0.6378837972597942
1,0.7490720205154895
1,0.773406760356646
1,0.8986911508751048
1,0.8978075602592024
1,0.6427044024944532
1,0.8957462388733228
1,0.5980130277902692
1,0.7846102182283069
1,0.9204289713215532
1,0.10829261181953433
1,0.7813904535999584
1,0.8667731948809907
1,0.7933366258686391
1,0.8667731948809907
1,0.4620584695640576
1,0.7016020894453053
1,0.35085580122991106
1,0.2752396613799789
1,0.9374904592186001
1,0.81612122876494
1,0.8430045852131581
1,0.9577791541940313
1,0.5980130277902692
